Code,Symbol,Name
12310115,KRISHANA,Krishana Phoschem Limited
ted
12580003,SAFARI,Safari Industries (India) Limited
13520894,SWSOLAR,Sterling And Wilson Solar Limited
11330106,MBAPL,Madhya Bharat Agro Products Limited
14011027,SPANDANA,Spandana Sphoorty Financial Limited
14010232,VIKASPROP,Vikas Proppant & Granite Limited
17153069,JIYAECO,Jiya Eco-Products Limited
11050070,HNDFDS,Hindustan Foods Limited
14090349,DOLAT,Dolat Investments Limited
14060363,JUMPNET,Jump Networks Limited
14090428,WESTLIFE,Westlife Development Ltd
16020182,VISHAL,Vishal Fabrics Limited
15050094,BCP,B.C. Power Controls Ltd
,ZOTA,Zota Health Care LImited
13030067,CREATIVE,Creative Peripherals and Distribution Limited
14094934,AFFLE,Affle (India) Limited
16530330,SHRENIK,Shrenik Limited
11623428,SUMIT,Sumit Woods Limited
16070225,LIBAS,Libas Designs Limited
16070225,LIBAS,Libas Designs Limited
11580078,SIRCA,Sirca Paints India Limited
16530166,SATIA,Satia Industries Limited
15520011,GFSTEELS,Grand Foundry Limited
16030295,DCMNVL,DCM Nouvelle Limited
12070134,SANGINITA,Sanginita Chemicals Limited
13192341,INFOBEAN,InfoBeans Technologies Limited
12070026,SEYAIND,Seya Industries Limited
12070003,OAL,Oriental Aromatics Limited
13191988,INDIAMART,Indiamart Intermesh Limited
17041012,DGCONTENT,Digicontent Limited
14010481,STEELCITY,Steel City Securities Limited
14560025,CONFIPET,Confidence Petroleum India Limited
15580176,PPL,Prakash Pipes Limited
16530114,EMAMIPAP,Emami Paper Mills Limited
13240166,ONEPOINT,One Point One Solutions Limited
17028812,VIKASMCORP,Vikas Multicorp Limited
12060124,NEOGEN,Neogen Chemicals Limited
14094804,AIRAN,Airan Limited
17154051,KPITTECH,KPIT Technologies Limited
15120087,SOUTHWEST,South West Pinnacle Exploration Limited
15050067,POLYCAB,Polycab India Limited
16550066,METROPOLIS,Metropolis Healthcare Limited
16590067,MAHESHWARI,Maheshwari Logistics Limited
17090024,CKFSL,Cox & Kings Financial Service Limited
11600132,RVNL,Rail Vikas Nigam Limited
16550326,SAKAR,Sakar Healthcare Limited
16610125,MSTCLTD,Mstc Limited
16070063,ARVINDFASN,Arvind Fashions Limited
12324353,AGROPHOS,Agro Phos India Limited
13510160,ANUP,The Anup Engineering Limited
13192671,XELPMOC,Xelpmoc Design And Tech Limited
15170029,SAGARDEEP,Sagardeep Alloys Limited
,SPENCERS,Spencer's Retail Limited
15110065,DALBHARAT,Dalmia Bharat Limited
,TREJHARA,TREJHARA SOLUTIONS LIMITED
11623376,NILASPACES,Nila Spaces Limited
15130281,TECHNOE,Techno Electric & Engineering Company Limited
16680001,GRSE,Garden Reach Shipbuilders & Engineers Limited
17027894,ADANIGAS,Adani Gas Limited
14080119,AAVAS,Aavas Financiers Limited
11600033,IRCON,Ircon International Limited
15560010,AIONJSW,Monnet Ispat & Energy Limited
17020459,SIGIND,Signet Industries Limited
,CREDITACC,CREDITACCESS GRAMEEN LIMITED
14050596,HDFCAMC,HDFC Asset Management Company Limited
16490518,TCNSBRANDS,TCNS Clothing Co. Limited
14060044,HBSL,HB Stockholdings Limited
10610049,VARROC,Varroc Engineering Limited
16620536,CHALET,Chalet Hotels Limited
16690082,RITES,RITES Limited
12070173,FINEORG,Fine Organic Industries Limited
13240168,CESCVENT,CESC Ventures Limited
10780012,TALWGYM,Talwalkars Healthclubs Limited
15210705,GAYAHWS,Gayatri Highways Limited
12541558,SOLARA,Solara Active Pharma Sciences Limited
15130762,ADANIGREEN,Adani Green Energy Limited
14094914,INDOSTAR,IndoStar Capital Finance Limited
13150256,ORIENTELEC,Orient Electric Limited
15580141,HITECH,Hi-Tech Pipes Limited
17151540,CHEMFAB,Chemfab Alkalis Limited
16620202,LEMONTREE,Lemon Tree Hotels Limited
14040001.03,ISEC,ICICI Securities Limited
14010227,CENTRUM,Centrum Capital Limited
15520047,MIDHANI,Mishra Dhatu Nigam Limited
10670192,SANDHAR,Sandhar Technologies Limited
11623372,KARDA,Karda Constructions Limited
13510030,HAL,Hindustan Aeronautics Limited
14030287,BANDHANBNK,Bandhan Bank Limited
14060001.03,SUNDARMHLD,Sundaram Finance Holdings Limited
13520141,BDL,Bharat Dynamics Limited
,HGINFRA,H.G. Infra Engineering Limited
13510006,GMMPFAUDLR,GMM Pfaudler Limited
16550441,ASTERDM,Aster DM Healthcare Limited
16490756,SHIVAMILLS,Shiva Mills Limited
12010007,GALAXYSURF,Galaxy Surfactants Limited
14580004,BOROSIL,Borosil Glass Works Limited
13210012,AMBER,Amber Enterprises India Limited
13190138,NEWGEN,Newgen Software Technologies Limited
13192114,APOLLO,Apollo Micro Systems Limited
16530291,ASTRON,Astron Paper & Board Mill Limited
14060026,SHIVATEX,Shiva Texyarn Limited
17160039,FSC,Future Supply Chain Solutions Limited
16550439,SHALBY,Shalby Limited
17040725,DNAMEDIA,Diligent Media Corporation Limited
14020008,HDFCLIFE,HDFC Life Insurance Company Limited
14010689,5PAISA,5Paisa Capital Limited
14550010,IFGLEXPOR,IFGL Refractories Limited
16510037,KHADIM,Khadim India Limited
14020003,NIACL,The New India Assurance Company Limited
17025512,MAHLOG,Mahindra Logistics Limited
14060009.08,RNAM,Reliance Nippon Life Asset Management Limited
14094896,TIINDIA,Tube Investments of India Limited
12052001,GICRE,General Insurance Corporation of India
17025175,IEX,Indian Energy Exchange Limited
14091040,MASFIN,MAS Financial Services Limited
17020001,TCPLPACK,TCPL Packaging Limited
10760029,PRAXIS,Praxis Home Retail Limited
12520018.01,GODREJAGRO,Godrej Agrovet Limited
14090244,SCAPDVR,Stampede Capital Limited
11290401,DIAMONDYD,Prataap Snacks Limited
14020014,SBILIFE,SBI Life Insurance Company Limited
12590003,CHOLAHLDNG,Cholamandalam Financial Holdings Limited
14020007,ICICIGI,ICICI Lombard General Insurance Company Limited
14080152,RHFL,Reliance Home Finance Limited
,CAPACITE,Capacit'e Infraprojects Limited
17025327,DCAL,Dishman Carbogen Amcis Limited
12060116,LASA,Lasa Supergenerics Limited
12680028,DIXON,Dixon Technologies (India) Limited
16690584,MATRIMONY,Matrimony.Com Limited
11623323,BRNL,Bharat Road Network Limited
11290430,APEX,Apex Frozen Foods Limited
14094863,ABCAPITAL,Aditya Birla Capital Limited
12541503,SMSLIFE,SMS Lifesciences India Limited
17150513,SIS,Security and Intelligence Services (India) Limited
16680006,COCHINSHIP,Cochin Shipyard Limited
14060224,OPTIEMUS,Optiemus Infracom Limited
17180011,SPTL,Sintex Plastics Technology Limited
14094548,GANGESSECU,Ganges Securities Limited
14060223,THEINVEST,The Investment Trust Of India Limited
11320117,AVADHSUGAR,Avadh Sugar & Energy Limited
14094552,PALASHSECU,Palash Securities Limited
11320118,MAGADSUGAR,Magadh Sugar & Energy Limited
13520388,SALASAR,Salasar Techno Engineering Limited
11620211,BHAGYAPROP,Bhagyanagar Properties Limited
,STEELXIND,STEEL EXCHANGE INDIA LIMITED
11220006,DYNPRO,Dynemic Products Limited
,AGLSL,Artemis Global Life Sciences Limited
14094831,AUBANK,AU Small Finance Bank Limited
17040498,GTPL,GTPL Hathway Limited
14010235,CDSL,Central Depository Services (India) Limited
12541321,ERIS,Eris Lifesciences Limited
13010056,TEJASNET,Tejas Networks Limited
11520082,STARCEMENT,Star Cement Limited
11623232,PSPPROJECT,PSP Projects Limited
14080001,HUDCO,Housing & Urban Development Corporation Limited
15100008,BHAGYANGR,Bhagyanagar India Limited
16080078,DOLLAR,Dollar Industries Limited
17153703,SCHAND,S Chand And Company Limited
17020051,PODDARHOUS,Poddar Housing and Development Limited
,WIPL,The Western India Plywoods Limited
12120024,NACLIND,NACL Industries Limited
11520027,APCL,Anjani Portland Cement Limited
11623231,SHANKARA,Shankara Building Products Limited
16530141,NRAIL,N R Agarwal Industries Limited
14090118,URJA,Urja Global Limited
17151028,CLEDUCATE,CL Educate Limited
16090038,AKSHARCHEM,AksharChem India Limited
17024114,ARIHANTSUP,Arihant Superstructures Limited
11120009,TASTYBITE,Tasty Bite Eatables Limited
13020089,INTENTECH,Intense Technologies Limited
17040727,RADIOCITY,Music Broadcast Limited
10760016,DMART,Avenue Supermarts Limited
17024321,KALYANI,Kalyani Commercials Limited
16690270,JITFINFRA,JITF Infralogistics Limited
10630003,PRICOLLTD,Pricol Limited
BSE Indices,BSE,BSE Limited
14060178,CAPTRUST,Capital Trust Limited
16080006,BHANDARI,Bhandari Hosiery Exports Limited
13191935,SPCENET,Spacenet Enterprises India Limited
13190049,TERASOFT,Tera Software Limited
17090004,ITDC,India Tourism Development Corporation Limited
11120026,DFMFOODS,DFM Foods Limited
12541431,LAURUSLABS,Laurus Labs Limited
17030029,TCIEXP,TCI Express Limited
10760018,TMRVL,The Mandhana Retail Ventures Limited
15110023,KIOCL,KIOCL Limited
12130096,SFL,Sheela Foam Limited
13520065,CMICABLES,CMI Limited
14060549,NBIFIN,N. B. I. Industrial Finance Company Limited
15170015,SANCO,Sanco Industries Limited
16530013,ROLLT,Rollatainers Limited
16090033,PODDARMENT,Poddar Pigments Limited
12200010,KINGFA,Kingfa Science & Technology (India) Limited
11230006,VBL,Varun Beverages Limited
14080038,PNBHOUSING,PNB Housing Finance Limited
13610019,MAZDA,Mazda Limited
16490960,NIRAJISPAT,Niraj Ispat Industries Limited
13191641,ENDURANCE,Endurance Technologies Limited
15990004,HISARMETAL,Hisar Metal Industries Limited
14090312,MASKINVEST,Mask Investments Limited
13150166,HPL,HPL Electric & Power Limited
16010008,MARATHON,Marathon Nextgen Realty Limited
14020006,ICICIPRULI,ICICI Prudential Life Insurance Company Limited
,LTTS,L&T Technology Services Limited
10610046,GNA,GNA Axles Limited
12530006,CUPID,Cupid Limited
17040895,SABEVENTS,Sab Events & Governance Now Media Limited
17040337,TVVISION,TV Vision Limited
11623201,BIGBLOC,Bigbloc Construction Limited
14030078,RBLBANK,RBL Bank Limited
14080013,NDGL,Naga Dhunseri Group Limited
16070220,SPAL,S. P. Apparels Limited
10760014,FRETAIL,Future Retail Limited
11621742,DBL,Dilip Buildcon Limited
13010019,MINDTECK,Mindteck (India) Limited
11180007,ADVENZYMES,Advanced Enzyme Technologies Limited
14090244,STAMPEDE,Stampede Capital Limited
17025230,SOMICONVEY,Somi Conveyor Beltings Limited
17010013,LTI,Larsen & Toubro Infotech Limited
11040023,GROBTEA,The Grob Tea Company Limited
15510582,LSIL,Lloyds Steels Industries Limited
14094171,QUESS,Quess Corp Limited
14620183,MAXINDIA,Max India Limited
11530013,GPTINFRA,GPT Infraprojects Limited
14060456,VIJIFIN,Viji Finance Limited
14590049,MOLDTECH,Mold-Tek Technologies Limited
11550059,POKARNA,Pokarna Limited
16040067,DAMODARIND,Damodar Industries Limited
13030015,COMPINFO,Compuage Infocom Limited
13520031,SETCO,Setco Automotive Limited
15540023,MAHASTEEL,Mahamaya Steel Industries Limited
14560035,MGL,Mahanagar Gas Limited
15580059,UVSL,Uttam Value Steels Limited
15080008,PREMEXPLN,Premier Explosives Limited
14620184,MAXVIL,Max Ventures and Industries Limited
17023960,ABMINTLTD,ABM International Limited
16030175,SALONA,Salona Cotspin Limited
14060338,ARMANFIN,Arman Financial Services Limited
12540053,ALBERTDAVD,Albert David Limited
17020079,ASPINWALL,Aspinwall and Company Limited
16690562,BLS,BLS International Services Limited
10670034,SHRIPISTON,Shriram Pistons & Rings Limited
11290168,PARAGMILK,Parag Milk Foods Limited
14011114,UJJIVAN,Ujjivan Financial Services Limited
13150237,CROMPTON,Crompton Greaves Consumer Electricals Limited
16550390,THYROCARE,Thyrocare Technologies Limited
13190592,PALREDTEC,Palred Technologies Limited
14093624,EQUITAS,Equitas Holdings Limited
17170004,INFIBEAM,Infibeam Avenues Limited
15510266,ADHUNIKIND,Adhunik Industries Limited
15640035,BHARATWIRE,Bharat Wire Ropes Limited
16550204,HCG,Healthcare Global Enterprises Limited
17020098,CONTROLPR,Control Print Limited
17020148,KDDL,KDDL Limited
16530317,PDMJEPAPER,Pudumjee Paper Products Limited
11120204,GOKULAGRO,Gokul Agro Resources Limited
11080014,SIMBHALS,Simbhaoli Sugars Limited
14010276,SEQUENT,Sequent Scientific Limited
17023986,NECCLTD,North Eastern Carrying Corporation Limited
16090049,BHAGERIA,Bhageria Industries Limited
16090059,VIDHIING,Vidhi Specialty Food Ingredients Limited
11110045,KELLTONTEC,Kellton Tech Solutions Limited
13191983,QUICKHEAL,Quick Heal Technologies Limited
13520468,PRECAM,Precision Camshafts Limited
15990088,JSLHISAR,Jindal Stainless (Hisar) Limited
10700004,OCCL,Oriental Carbon & Chemicals Limited
,LALPATHLAB,Dr. Lal Path Labs Ltd.
,NH,Narayana Hrudayalaya Ltd.
12540464,ALKEM,Alkem Laboratories Limited
12540326,LINCOLN,Lincoln Pharmaceuticals Limited
15210347,KRIDHANINF,Kridhan Infra Limited
14090067,PILANIINVS,Pilani Investment and Industries Corporation Limited
13130011,SALZERELEC,Salzer Electronics Limited
12540048,TTKHLTCARE,TTK Healthcare Limited
17025232,LUXIND,Lux Industries Limited
11120016,UMANGDAIRY,Umang Dairies Limited
14610015,BALAXI,Balaxi Ventures Limited
12070132,SHK,S H Kelkar and Company Limited
16690529,INDIGO,InterGlobe Aviation Limited
14093696,TEAMLEASE,Teamlease Services Limited
14100051,IDFCFIRSTB,IDFC First Bank Limited
11290107,PRABHAT,Prabhat Dairy Limited
11250580,COFFEEDAY,Coffee Day Enterprises Limited
15210280,SADBHIN,Sadbhav Infrastructure Project Limited
17152816,GUJGASLTD,Gujarat Gas Limited
12310319,SHREEPUSHK,Shree Pushkar Chemicals & Fertilisers Limited
17160078,NAVKARCORP,Navkar Corporation Limited
10990002,SHARDAMOTR,Sharda Motor Industries Limited
13520778,POWERMECH,Power Mech Projects Limited
14060507,SATIN,Satin Creditcare Network Limited
15210337,ARVSMART,Arvind SmartSpaces Limited
14090110,MUTHOOTCAP,Muthoot Capital Services Limited
12540404,ORTINLABSS,Ortin Laboratories Limited
13192382,MAJESCO,Majesco Limited
15580093,RAMASTEEL,Rama Steel Tubes Limited
16030064,AYMSYNTEX,AYM Syntex Limited
11040030,PKTEA,The Peria Karamalai Tea & Produce Company Limited
11140028,SYNGENE,Syngene International Limited
17025290,KAYA,Kaya Limited
16530304,BALKRISHNA,Balkrishna Paper Mills Limited
17152581,ADANITRANS,Adani Transmission Limited
14600005,ORICONENT,Oricon Enterprises Limited
15520134,SHYAMCENT,Shyam Century Ferrous Limited
17152271,SKIPPER,Skipper Limited
15070035,ALANKIT,Alankit Limited
11610043,NILAINFRA,Nila Infrastructures Limited
15210341,PNCINFRA,PNC Infratech Limited
16530096,ARROWGREEN,Arrow Greentech Limited
12200053,TPLPLASTEH,TPL Plastech Limited
17040677,UFO,UFO Moviez India Limited
11070135,FAIRCHEM,Fairchem Speciality Limited
15210578,MEP,MEP Infrastructure Developers Limited
13190085,BCG,Brightcom Group Limited
17160024,VRLLOG,VRL Logistics Limited
15050073,VETO,Veto Switchgears And Cables Limited
14060243,VIPULLTD,Vipul Limited
14010238,LFIC,Lakshmi Finance & Industrial Corporation Limited
11170001,AVANTIFEED,Avanti Feeds Limited
14010091,BYKE,The Byke Hospitality Ltd
17040842,ADLABS,Adlabs Entertainment Limited
12070125,INOXWIND,Inox Wind Limited
15510157,MANAKSTEEL,Manaksia Steels Limited
14620164,BKMINDST,Bkm Industries Limited
17028354,MANAKALUCO,Manaksia Aluminium Company Limited
13190158,ZENTEC,Zen Technologies Limited
17028356,MANAKCOAT,Manaksia Coated Metals & Industries Limited
10610019,JMA,Jullundur Motor Agency (Delhi) Limited
12540193,HESTERBIO,Hester Biosciences Limited
17020344,LINCPEN,Linc Pen & Plastics Limited
16020019,GANECOS,Ganesha Ecosphere Limited
12080043,VISHNU,Vishnu Chemicals Limited
14510012,MENONBE,Menon Bearings Limited
17150629,GREENLAM,Greenlam Industries Limited
14610020,GRPLTD,GRP Limited
16530215,GENUSPAPER,Genus Paper & Boards Limited
16560048,CCHHL,Country Club Hospitality & Holidays Limited
12200107,MOLDTKPAC,Mold-Tek Packaging Limited
16030152,LAMBODHARA,Lambodhara Textiles Limited
16620043,APOLSINHOT,Apollo Sindoori Hotels Limited
13600008,SHAKTIPUMP,Shakti Pumps (India) Limited
11040095,UNITEDTEA,The United Nilgiri Tea Estates Company Limited
17024331,GULPOLY,Gulshan Polyols Limited
12310036,CAMLINFINE,Camlin Fine Sciences Limited
11040266,DTIL,Dhunseri Tea & Industries Limited
12150003,BEARDSELL,Beardsell Limited
12060093,FCL,Fineotex Chemical Limited
15580077,GOODLUCK,Goodluck India Limited
12540004,AMRUTANJAN,Amrutanjan Health Care Limited
13192325,INTELLECT,Intellect Design Arena Limited
16490453,PDSMFL,PDS Multinational Fashions Limited
14060339,MANAPPURAM,Manappuram Finance Limited
10670088,MINDACORP,Minda Corporation Limited
13190144,CIGNITITEC,Cigniti Technologies Limited
16520001,SUPERHOUSE,Superhouse Limited
17040823,SHEMAROO,Shemaroo Entertainment Limited
17150007,SNOWMAN,Snowman Logistics Limited
13550044,GULFOILLUB,Gulf Oil Lubricants India Limited
15080002,GOCLCORP,GOCL Corporation Limited
12540222,CAPLIPOINT,Caplin Point Laboratories Limited
11050105,HATSUN,Hatsun Agro Product Limited
16590027,AGARIND,Agarwal Industrial Corporation Limited
17090083,WONDERLA,Wonderla Holidays Limited
15100007,ARCOTECH,Arcotech Limited
13090009,BUTTERFLY,Butterfly Gandhimathi Appliances Limited
13550003,CASTROLIND,Castrol India Limited
11100013,SDBL,Som Distilleries & Breweries Limited
16070195,MONTECARLO,Monte Carlo Fashions Limited
11140092,NATHBIOGEN,Nath Bio-Genes (India) Limited
11140091,AGRITECH,Agri-Tech (India) Limited
14090341,SREEL,Sreeleathers Limited
16490352,CNOVAPETRO,CIL Nova Petrochemicals Limited
16020100,ORBTEXP,Orbit Exports Limited
14093737,JPOLYINVST,Jindal Poly Investment and Finance Company Limited
14590160,LYPSAGEMS,Lypsa Gems & Jewellery Limited
,PILITA,PIL ITALICA LIFESTYLE LIMITED
15210043,NTL,Neueon Towers Limited
10770006,FLFL,Future Lifestyle Fashions Limited
11250258,INTEGRA,Integra Garments and Textiles Limited
14010549,IBULHSGFIN,Indiabulls Housing Finance Limited
12120089,SHARDACROP,Sharda Cropchem Limited
11510100,ORIENTCEM,Orient Cement Limited
10770005,ABFRL,Aditya Birla Fashion and Retail Limited
10540017,ATULAUTO,Atul Auto Limited
17028141,FCONSUMER,Future Consumer Limited
13190021,CEREBRAINT,Cerebra Integrated Technologies Limited
16690415,JUSTDIAL,Just Dial Limited
14090401,VIVIDHA,Visagar Polytex Limited
11070103,VIMALOIL,Vimal Oil & Foods Limited
11510029,GSCLCEMENT,Gujarat Sidhee Cement Limited
14510042,NIBL,NRB Industrial Bearings Limited
14080146,REPCOHOME,Repco Home Finance Limited
16020054,MOHITIND,Mohit Industries Limited
15560023,ANKITMETAL,Ankit Metal & Power Limited
10760013,VMART,V-Mart Retail Limited
15200071,INFRATEL,Bharti Infratel Limited
15070224,PCJEWELLER,PC Jeweller Limited
16690363,CARERATING,CARE Ratings Limited
12324327.5,ZUARI,Zuari Agro Chemicals Limited
13240028,PROSEED,Proseed India Limited
13520019,SUNCLAYLTD,Sundaram Clayton Limited
17028028,DUCON,Ducon Infratechnologies Limited
16070031,KITEX,Kitex Garments Limited
12200057,MAYURUNIQ,Mayur Uniquoters Ltd
11040132,ROSSELLIND,Rossell India Limited
16490200,MORARJEE,Morarjee Textiles Limited
17028850,RTNINFRA,RattanIndia Infrastructure Limited
17029203,PROZONINTU,Prozone Intu Properties Limited
15130007,SEPOWER,S.E. Power Limited
17040163,CINELINE,Cineline India Limited
13130028,EON,Eon Electric Limited
16620219,SPECIALITY,Speciality Restaurants Limited
16020020,SWANENERGY,Swan Energy Limited
16090041,CHROMATIC,Chromatic India Limited
15070183,TBZ,Tribhovandas Bhimji Zaveri Limited
15510147,VSSL,Vardhman Special Steels Limited
16690264,MTEDUCARE,MT Educare Limited
17028502,HEXATRADEX,Hexa Tradex Limited
11600065,NBCC,NBCC (India) Limited
16610052,MMTC,MMTC Limited
16610445,PROVOGE,Provogue (India) Limited
15120057,NAGAROIL,Nagarjuna Oil Refinery Limited
16110004,NDL,Nandan Denim Limited
11250011,MCX,Multi Commodity Exchange of India Limited
13110124,SCHNEIDER,Schneider Electric Infrastructure Limited
17028419,ORIENTREF,Orient Refractories Limited
14010017,DBSTOCKBRO,DB (International) Stock Brokers Limited
13020093,COMPUSOFT,Compucom Software Limited
16070116,THOMASCOTT,Thomas Scott (India) Limited
14010230,KANANIIND,Kanani Industries Limited
15580082,APLAPOLLO,APL Apollo Tubes Limited
14060298,VIKASECO,Vikas EcoTech Limited
16080043,RUPA,Rupa & Company Limited
12670012,POLYMED,Poly Medicure Limited
17020012,JISLDVREQS,Jain Irrigation Systems Limited
13190024,DSSL,Dynacons Systems & Solutions Limited
14091051,INDOTHAI,Indo Thai Securities Limited
16580048,ESSARSHPNG,Essar Shipping Limited
17024576,TRITURBINE,Triveni Turbine Limited
13140032,UJAAS,Ujaas Energy Limited
14620048,FLEXITUFF,Flexituff Ventures International Limited
14091052,ONELIFECAP,Onelife Capital Advisors Limited
14060475,PAISALO,Paisalo Digital Limited
12190034,TIJARIA,Tijaria Polypipes Limited
11621147,SETUINFRA,Setubandhan Infrastructure Limited
12060009,PANAMAPET,Panama Petrochem Limited
13110121,PGEL,PG Electroplast Limited
12540995,APLLTD,Alembic Pharmaceuticals Limited
15560046,VASWANI,Vaswani Industries Limited
11070109,TECHIN,Techindia Nirman Limited
13510003,CIMMCO,Cimmco Limited
13120108,TDPOWERSYS,TD Power Systems Limited
12070113,ASAHISONG,Asahi Songwon Colors Limited
12540990,BROOKS,Brooks Laboratories Limited
16490121,FILATEX,Filatex India Limited
16690235,TREEHOUSE,Tree House Education & Accessories Limited
16030105,WINSOME,Winsome Yarns Limited
15210034,GAYAPROJ,Gayatri Projects Limited
16090017,BODALCHEM,Bodal Chemicals Limited
17025653,IBULISL,Indiabulls Integrated Services Limited
13510010,WINDMACHIN,Windsor Machines Limited
,L&TFH,L&T Finance Holdings Limited
14610001,ELGIRUBCO,Elgi Rubber Company Limited
14011161,INVENTURE,Inventure Growth & Securities Limited
11560019,RUSHIL,Rushil Decor Limited
,KWALITY,kwality limited
14520022,MAITHANALL,Maithan Alloys Limited
11610007,ASHIANA,Ashiana Housing Limited
12120003,DHANUKA,Dhanuka Agritech Limited
14011160,WEIZFOREX,Weizmann Forex Limited
15130326,KARMAENG,Karma Energy Limited
12160004,ESTER,Ester Industries Limited
17040370,DQE,DQ Entertainment (International) Limited
15580079,OMMETALS,OM Metals Infraprojects Limited
10530005,VSTTILLERS,V.S.T Tillers Tractors Limited
12120019,PIIND,PI Industries Limited
16510019,RELAXO,Relaxo Footwears Limited
13191588,BGLOBAL,Bharatiya Global Infomedia Limited
11050062,VADILALIND,Vadilal Industries Limited
13090018,SYMPHONY,Symphony Limited
14011139,MUTHOOTFIN,Muthoot Finance Limited
13570048,SANGHVIFOR,Sanghvi Forging and Engineering Limited
14010634,PFS,PTC India Financial Services Limited
16590045,TCIDEVELOP,TCI Developers Limited
17028046,LOVABLE,Lovable Lingerie Limited
14091039,DHUNINV,Dhunseri Investments Limited
15140003,HFCL,Himachal Futuristic Communications Limited
16070114,INDTERRAIN,Indian Terrain Fashions Limited
13510097,TEXRAIL,Texmaco Rail & Engineering Limited
13510097,TEXRAIL,Texmaco Rail & Engineering Limited
17027916,BILENERGY,Bil Energy Systems Limited
17028042,JUBLINDS,Jubilant Industries Limited
12060092,OMKARCHEM,Omkar Speciality Chemicals Limited
14580047,SUMMITSEC,Summit Securities Limited
14091035,BFINVEST,BF Investment Limited
14091036,KICL,Kalyani Investment Company Limited
10510005,HINDMOTORS,Hindustan Motors Limited
16020174,SPYL,Shekhawati Poly-Yarn Limited
17025657,FMNL,Future Market Networks Limited
17028045,SURANASOL,Surana Solar Limited
13540020,KIRLOSENG,Kirloskar Oil Engines Limited
11100053,RKDL,Ravi Kumar Distilleries Limited
14030016,PSB,Punjab & Sind Bank
13520357,A2ZINFRA,A2Z Infra Engineering Limited
17025800,KTIL,Kesar Terminals & Infrastructure Limited
17027967,ZEELEARN,Zee Learn Limited
15110040,MOIL,MOIL Limited
16020063,SUMEETINDS,Sumeet Industries Limited
11040011.06,STEL,Stel Holdings Limited
10650003,JAMNAAUTO,Jamna Auto Industries Limited
11600402,RPPINFRA,R.P.P. Infra Projects Limited
15540012,PENIND,Pennar Industries Limited
,JINDWORLD,Jindal Worldwide Limited
17027970,GRAVITA,Gravita India Limited
11510002,ANDHRACEMT,Andhra Cements Limited
12080062,IOLCP,IOL Chemicals and Pharmaceuticals Limited
15110007,COALINDIA,Coal India Limited
14010233,RESPONIND,Responsive Industries Limited
14010124,CGCL,Capri Global Capital Limited
11621016,PRESTIGE,Prestige Estates Projects Limited
15600061,GAL,Gyscoal Alloys Limited
11621009,OBEROIRLTY,Oberoi Realty Limited
13520348,CEBBCO,Commercial Engineers & Body Builders Co Limited
15640009,BEDMUTHA,Bedmutha Industries Limited
11600156,ASHOKA,Ashoka Buildcon Limited
17025082,WABAG,VA Tech Wabag Limited
16070113,CANTABIL,Cantabil Retail India Limited
15130276,GREENPOWER,Orient Green Power Company Limited
11300006,GALLISPAT,Gallantt Ispat Limited
15210030,RAMKY,Ramky Infrastructure Limited
17040405,EROSMEDIA,Eros International Media Limited
14011115,SASTASUNDR,Sastasundar Ventures Limited
17027840,CAREERP,Career Point Limited
,KILITCH,Kilitch Drugs (India) Limited
,ORISSAMINE,The Orissa Minerals Development Company Limited
14090999,WELINV,Welspun Investments and Commercials Limited
11050075,ADFFOODS,ADF Foods Limited
15100035,HINDCOPPER,Hindustan Copper Limited
15580114,PRAKASHSTL,Prakash Steelage Limited
16680010,GPPL,Gujarat Pipavav Port Limited
,UGARSUGAR,The Ugar Sugar Works Limited
12540209,PDPL,Parenteral Drugs (India) Limited
12520177,BAJAJCON,Bajaj Consumer Care Limited
14090014,IITL,Industrial Investment Trust Limited
16620085,AHLEAST,Asian Hotels (East) Limited
16620084,AHLWEST,Asian Hotels (West) Limited
11620978,EMAMIREAL,Emami Realty Limited
12530001,BLISSGVS,Bliss GVS Pharma Limited
15620001,IMFA,Indian Metals & Ferro Alloys Limited
17080023,HMVL,Hindustan Media Ventures Limited
11100009,TI,Tilaknagar Industries Limited
13190175,UMESLTD,Usha Martin Education & Solutions Limited
13530029,TECHNOFAB,Technofab Engineering Limited
12080004,DEEPAKNTR,Deepak Nitrite Limited
12540922,PARABDRUGS,Parabolic Drugs Limited
13610017,KIRLOSIND,Kirloskar Industries Limited
11100021,PIONDIST,Pioneer Distilleries Limited
17020377,SUNDARAM,Sundaram Multi Pap Limited
11620144,JPINFRATEC,Jaypee Infratech Limited
15130124,SJVN,SJVN Limited
15600003,KSL,Kalyani Steels Limited
11620954,NITESHEST,NEL Holdings Limited
15100054,TARAPUR,Tarapur Transformers Limited
17027640,TALWALKARS,Talwalkars Better Value Fitness Limited
14091019,KIRLOSBROS,Kirloskar Brothers Limited
16560001,ASIANHOTNR,Asian Hotels (North) Limited
17040371,ISFT,Intrasoft Technologies Limited
13191103,PERSISTENT,Persistent Systems Limited
13180001,WHIRLPOOL,Whirlpool of India Limited
16490331,PRADIP,Pradip Overseas Limited
13520033,LGBBROSLTD,LG Balakrishnan & Bros Limited
14030059,UNITEDBNK,United Bank of India
13510013,TRF,TRF Limited
11600159,MANINFRA,Man Infraconstruction Limited
12190031,TEXMOPIPES,Texmo Pipes and Products Limited
16690075,DEEPIND,Deep Industries Limited
13150011,KECL,Kirloskar Electric Company Limited
17020175,ORIENTLTD,Orient Press Limited
11600362,ARSSINFRA,ARSS Infrastructure Projects Limited
17040367,HATHWAY,Hathway Cable & Datacom Limited
11620116,DBREALTY,D B Realty Limited
12200117,EMMBI,Emmbi Industries Limited
11620941,VASCONEQ,Vascon Engineers Limited
15070160,THANGAMAYL,Thangamayil Jewellery Limited
11290023,JUBLFOOD,Jubilant Foodworks Limited
12540867,SYNCOM,Syncom Healthcare Limited
12540008,ABBOTINDIA,Abbott India Limited
11600361,MBLINFRA,MBL Infrastructures Limited
12120001,BAYERCROP,Bayer Cropscience Limited
11120007,NESTLEIND,Nestle India Limited
12520018.05,GODREJPROP,Godrej Properties Limited
17080067,DBCORP,D.B.Corp Limited
16690191,DLINKINDIA,D-Link (India) Limited
15130147,JSWENERGY,JSW Energy Limited
15530028,ARSHIYA,Arshiya Limited
11040009,GILLANDERS,Gillanders Arbuthnot & Company Limited
17090024,COX&KINGS,Cox & Kings Limited
11600049,AHLUCONT,Ahluwalia Contracts (India) Limited
17024958,REFEX,Refex Industries Limited
12540270,SHILPAMED,Shilpa Medicare Limited
12540651,ASTEC,Astec LifeSciences Limited
15620015,SARDAEN,Sarda Energy & Minerals Limited
14580040,SUNTECK,Sunteck Realty Limited
17040361,DEN,Den Networks Limited
15130185,RTNPOWER,RattanIndia Power Limited
13191377,EXPLEOSOL,Expleo Solutions Limited
13030039,EUROMULTI,Euro Multivision Limited
11060041,ZYDUSWELL,Zydus Wellness Limited
16680028,RNAVAL,Reliance Naval and Engineering Limited
12140038,OIL,Oil India Limited
16490325,JINDCOT,Jindal Cotex Limited
15130012,NHPC,NHPC Limited
11100046,GLOBUSSPR,Globus Spirits Limited
16610491,ADANIPOWER,Adani Power Limited
13240070,EXCEL,Excel Realty N Infra Limited
12070094,VINATIORGA,Vinati Organics Limited
14540001,GKWLIMITED,GKW Limited
16560125,MHRIL,Mahindra Holidays & Resorts India Limited
15550007,AJMERA,Ajmera Realty & Infra India Limited
16490308,ARROWTEX,Arrow Textiles Limited
10670003,HARITASEAT,Harita Seating Systems Limited
14580035,HINDNATGLS,Hindusthan National Glass & Industries Limited
16070001,FELDVR,Future Enterprises Limited
11080022,MAWANASUG,Mawana Sugars Limited
13191234,GISOLUTION,GI Engineering Solutions Limited
,COUNCODOS,Country Condo's Limited
14010075,JIKIND,JIK Industries Limited
12060043,ALKALI,Alkali Metals Limited
10510008,TATAMTRDVR,Tata Motors Limited
12540199,NEULANDLAB,Neuland Laboratories Limited
12060010,JOCIL,Jocil Limited
14010003,INDBANK,Indbank Merchant Banking Services Limited
15110088,20MICRONS,20 Microns Limited
10660012,WABCOINDIA,WABCO India Limited
17024845,SICAGEN,Sicagen India Limited
11620132,LPDC,Landmark Property Development Company Limited
13570040,LGBFORGE,LGB Forge Limited
17020003,KOKUYOCMLN,Kokuyo Camlin Limited
11090043,UBL,United Breweries Limited
,VINYLINDIA,Vinyl Chemicals (India) Limited
15130155,KSK,KSK Energy Ventures Limited
16550084,LOTUSEYE,Lotus Eye Hospital and Institute Limited
11570044,ARCHIDPLY,Archidply Industries Limited
13130005,GET&D,GE T&D India Limited
11620123,MVL,MVL Limited
10610026,RANEENGINE,Rane Engine Valve Limited
10660011,RBL,Rane Brake Lining Limited
14090206,ALMONDZ,Almondz Global Securities Limited
12540671,RPGLIFE,RPG Life Sciences Limited
11120066,GOKUL,Gokul Refoils and Solvent Limited
12540670,PIRPHYTO,Piramal Phytocare Limited
13010005,DIGISPICE,DiGiSPICE Technologies Limited
10540026,BAJAJ-AUTO,Bajaj Auto Limited
14010665,BAJAJFINSV,Bajaj Finserv Limited
11050031,ANIKINDS,Anik Industries Limited
16090072,KIRIINDUS,Kiri Industries Limited
15130020,DPSCLTD,DPSC Limited
13510068,TWL,Titagarh Wagons Limited
16560009,EIHAHOTELS,EIH Associated Hotels Limited
13510022,NESCO,Nesco Limited
11600094,GAMMNINFRA,Gammon Infrastructure Projects Limited
14010497,IBVENTURES,Indiabulls Ventures Limited
16530004,BALLARPUR,Ballarpur Industries Limited
14040025,RECLTD,REC Limited
14010584,NAHARCAP,Nahar Capital and Financial Services Limited
13191071,GSS,GSS Infotech Limited
11510013,RAIN,Rain Industries Limited
15110018,NMDC,NMDC Limited
11580008,SHALPAINTS,Shalimar Paints Limited
11600148,IRB,IRB Infrastructure Developers Limited
16070099,BANG,Bang Overseas Limited
15150031,SHRIRAMEPC,Shriram EPC Limited
13170007,SUJANAUNI,Sujana Universal Industries Limited
13150060,VGUARD,V-Guard Industries Limited
11600113,TANTIACONS,Tantia Constructions Limited
15200058,ONMOBILE,OnMobile Global Limited
13520072,HERCULES,Hercules Hoists Limited
15510034,OISL,OCL Iron and Steel Limited
15210025,KNRCON,KNR Constructions Limited
15050050,CORDSCABLE,Cords Cable Industries Limited
11600146,JKIL,J.Kumar Infraprojects Limited
15130035,RPOWER,Reliance Power Limited
14010479,BIRLAMONEY,Aditya Birla Money Limited
10680003,CEATLTD,CEAT Limited
16030178,AMBIKCO,Ambika Cotton Mills Limited
15140047,KAVVERITEL,Kavveri Telecom Products Limited
10670071,PPAP,PPAP Automotive Limited
16590010,PATINTLOG,Patel Integrated Logistics Limited
11040032,DVL,Dhunseri Ventures Limited
12120063,ARIES,Aries Agro Limited
17024027,MANAKSIA,Manaksia Limited
13520218,BGRENERGY,BGR Energy Systems Limited
11510060,BURNPUR,Burnpur Cement Limited
13240056,ECLERX,eClerx Services Limited
11620110,BRIGADE,Brigade Enterprises Limited
15150029,TRIL,Transformers And Rectifiers (India) Limited
14590041,HITECHCORP,Hitech Corporation Limited
11540021,MADHAV,Madhav Marbles and Granites Limited
13560049,KALYANIFRG,Kalyani Forge Limited
12520131,JYOTHYLAB,Jyothy Labs Limited
12520001,COLPAL,Colgate Palmolive (India) Limited
,KAUSHALYA,Kaushalya Infrastructure Development Corporation Limited
11620098,KOLTEPATIL,Kolte - Patil Developers Limited
15070075,RGL,Renaissance Global Limited
14010601,EDELWEISS,Edelweiss Financial Services Limited
11600041,JMCPROJECT,JMC Projects (India)  Limited
14620010,RMCL,Radha Madhav Corporation Limited
12070001,ALKYLAMINE,Alkyl Amines Chemicals Limited
11510058,BVCL,Barak Valley Cements Limited
11120054,CERA,Cera Sanitaryware Limited
14010630,RELIGARE,Religare Enterprises Limited
17020330,SABTN,Sri Adhikari Brothers Television Network Limited
15060001.01,DELTACORP,Delta Corp Limited
15130030,ENERGYDEV,Energy Development Company Limited
16610002,BAJAJELEC,Bajaj Electricals Limited
12100008,MANGCHEFER,Mangalore Chemicals & Fertilizers Limited
15040022,MAANALU,Maan Aluminium Limited
13110033,CENTUM,Centum Electronics Limited
15130029,POWERGRID,Power Grid Corporation of India Limited
11140043,KSCL,Kaveri Seed Company Limited
14090890,NAGREEKCAP,Nagreeka Capital & Infrastructure Limited
16530167,MAGNUM,Magnum Ventures Limited
17025086,ADANIPORTS,Adani Ports and Special Economic Zone Limited
14010615,MOTILALOFS,Motilal Oswal Financial Services Limited
15130075,INDOWIND,Indowind Energy Limited
15510021,MAHINDCIE,Mahindra CIE Automotive Limited
11620085,PURVA,Puravankara Limited
15620019,SRIPIPES,Srikalahasthi Pipes Limited
16070089,KPRMILL,K.P.R. Mill Limited
15600055,ISMTLTD,ISMT Limited
13191001,TAKE,Take Solutions Limited
11540067,ASIANTILES,Asian Granito India Limited
16490238,SELMCL,SEL Manufacturing Company Limited
14030013,CENTRALBK,Central Bank of India
16560035,VICEROY,Viceroy Hotels Limited
13520150,ELECTHERM,Electrotherm (India) Limited
11620053,OMAXE,Omaxe Limited
16070011,VIPCLOTHNG,VIP Clothing Limited
12540643,ALPA,Alpa Laboratories Limited
11520002,DECCANCE,Deccan Cements Limited
13150009,WSI,W S Industries (I) Limited
17010059,ALCHEM,Alchemist Limited
13240040,ADSL,Allied Digital Services Limited
11620084,HDIL,Housing Development and Infrastructure Limited
13190177,MEGASOFT,Megasoft Limited
12540617,SPARC,Sun Pharma Advanced Research Company Limited
12540642,CELESTIAL,Celestial Biolabs Limited
15210038,TARMAT,Tarmat Limited
13520062,DLF,DLF Limited
16610468,V2RETAIL,V2 Retail Limited
12120059,MEGH,Meghmani Organics Limited
13560108,NELCAST,Nelcast Limited
16560013,ADVANIHOTR,Advani Hotels & Resorts (India) Limited
13240039,HGS,Hinduja Global Solutions Limited
16030102,NAGREEKEXP,Nagreeka Exports Limited
17024927,TIMETECHNO,Time Technoplast Limited
10700001,GOACARBON,Goa Carbon Limited
13510029,GUJAPOLLO,Gujarat Apollo Industries Limited
12310029,NAVINFLUOR,Navin Fluorine International Limited
11320018,KMSUGAR,K.M.Sugar Mills Limited
15140079,MIC,MIC Electronics Limited
12210012,INSECTICID,Insecticides (India) Limited
11100041,MCDHOLDING,McDowell Holdings Limited
13570036,HILTON,Hilton Metal Forging Limited
16620065,TGBHOTELS,TGB Banquets And Hotels Limited
17020264,WEBELSOLAR,Websol Energy System Limited
17020072,ALPHAGEO,Alphageo (India) Limited
12540511,FORTIS,Fortis Healthcare Limited
12080081,SRHHYPOLTD,Sree Rayalaseema Hi-Strength Hypo Limited
15130048,BFUTILITIE,BF Utilities Limited
13190063,KGL,Karuturi Global Limited
16580003,GLOBOFFS,Global Offshore Services Limited
17010018,ZENITHBIR,Zenith Birla (India) Limited
14090278,HINDUJAVEN,Hinduja Ventures Limited
11550043,AROGRANITE,Aro Granite Industries Limited
,PHOENIXLTD,The Phoenix Mills Limited
17040190,DISHTV,Dish TV India Limited
14010386,ICRA,ICRA Limited
12150002,BANSWRAS,Banswara Syntex Limited
12080060,BALAMINES,Balaji Amines Limited
16040010,GARFIBRES,Garware Technical Fibres Limited
11520006,NCLIND,NCL Industries Limited
12540269,THEMISMED,Themis Medicare Limited
10670044,JMTAUTOLTD,JMT Auto Limited
16080002,NAHARSPING,Nahar Spinning Mills Limited
11620069,IBREALEST,Indiabulls Real Estate Limited
16030020,NAHARPOLY,Nahar Poly Films Limited
12190030,ASTRAL,Astral Poly Technik Limited
14620011,AMDIND,AMD Industries Limited
10680007,JKTYRE,JK Tyre & Industries Limited
16070088,PAGEIND,Page Industries Limited
14580030,LAOPALA,La Opala RG Limited
17040184,RAJTV,Raj Television Network Limited
15200008,IDEA,Vodafone Idea Limited
11570043,UNIPLY,Uniply Industries Limited
12070012,PUNJABCHEM,Punjab Chemicals & Crop Protection Limited
13190978,MINDTREE,MindTree Limited
11550082,ORIENTALTL,Oriental Trimex Limited
11550082,ORIENTALTL,Oriental Trimex Limited
14080010,GANESHHOUC,Ganesh Housing Corporation Limited
12080022,HSCL,Himadri Speciality Chemical Limited
12540635,SMSPHARMA,SMS Pharmaceuticals Limited
14030019,INDIANB,Indian Bank
14010533,TFL,Transwarranty Finance Limited
14040029,PFC,Power Finance Corporation Limited
14010399,FSL,Firstsource Solutions Limited
16080003,TTL,T T Limited
16070084,PGIL,Pearl Global Industries Limited
13190973,REDINGTON,Redington (India) Limited
11540049,ORIENTBELL,Orient Bell Limited
10680010,TVSSRICHAK,TVS Srichakra Limited
17010090,TIIL,Technocraft Industries (India) Limited
17040160,TV18BRDCST,TV18 Broadcast Limited
11620061,HUBTOWN,Hubtown Limited
13190880,CTE,Cambridge Technology Enterprises Limited
14510007,TIMKEN,Timken India Limited
13020097,IZMO,IZMO Limited
14010566,NETWORK18,Network18 Media & Investments Limited
10600006,MINDAIND,Minda Industries Limited
13520114,PITTIENG,Pitti Engineering Limited
10610025,AUTOIND,Autoline Industries Limited
16040024,SIYSIL,Siyaram Silk Mills Limited
15580005,GANDHITUBE,Gandhi Special Tubes Limited
12030006,IGPL,IG Petrochemicals Limited
10680009,PTL,PTL Enterprises Limited
12540065,WANBURY,Wanbury Limited
11520009,SAGCEM,Sagar Cements Limited
13520113,SANGHVIMOV,Sanghvi Movers Limited
16040081,SARLAPOLY,Sarla Performance Fibers Limited
13550006,TIDEWATER,Tide Water Oil Company (India) Limited
10670065,LUMAXTECH,Lumax Auto Technologies Limited
17040181,ZEEMEDIA,Zee Media Corporation Limited
17040180,SITINET,Siti Networks Limited
11070001,AVTNPL,AVT Natural Products Limited
11050111,TANLA,Tanla Solutions Limited
13150013,HBLPOWER,HBL Power Systems Limited
11080006,KESARENT,Kesar Enterprises Limited
11610070,PRAENG,Prajay Engineers Syndicate Limited
15140078,XLENERGY,XL Energy Limited
12200039,PLASTIBLEN,Plastiblends India Limited
12100019,NFL,National Fertilizers Limited
14090048,CREST,Crest Ventures Limited
15590006,SATHAISPAT,Sathavahana Ispat Limited
13150003,HIRECT,Hind Rectifiers Limited
11610058,ARIHANT,Arihant Foundations & Housing Limited
15120003,JINDRILL,Jindal Drilling And Industries Limited
10610001,BANCOINDIA,Banco Products (I) Limited
16660008,RUCHIRA,Ruchira Papers Limited
16130004,DONEAR,Donear Industries Limited
16490071,SPENTEX,Spentex Industries Limited
12540262,VENUSREM,Venus Remedies Limited
13560065,MMFL,MM Forgings Limited
11620058,SOBHA,Sobha Limited
16490223,SUTLEJTEX,Sutlej Textiles and Industries Limited
12130018,MANALIPETC,Manali Petrochemicals Limited
11620056,PARSVNATH,Parsvnath Developers Limited
15130120,TORNTPOWER,Torrent Power Limited
,GESHIP,The Great Eastern Shipping Company Limited
16690077,NAUKRI,Info Edge (India) Limited
13140001,BBL,Bharat Bijlee Limited
10670063,SHIVAMAUTO,Shivam Autotech Limited
15100034,HINDZINC,Hindustan Zinc Limited
16110001,AARVEEDEN,Aarvee Denims & Exports Limited
17024837,DAAWAT,LT Foods Limited
13190872,GTLINFRA,GTL Infrastructure Limited
15140023,SHYAMTEL,Shyam Telecom Limited
13240014,INSPIRISYS,Inspirisys Solutions Limited
14030104,DCBBANK,DCB Bank Limited
16600022,GLOBALVECT,Global Vectra Helicorp Limited
12520150,JHS,JHS Svendgaard Laboratories Limited
10620029,FIEMIND,Fiem Industries Limited
16590029,GATI,GATI Limited
14090003,JMFINANCIL,JM Financial Limited
13520109,MBECL,Mcnally Bharat Engineering Company Limited
11610001,ANSALHSG,Ansal Housing Limited
16530139,KSERASERA,KSS Limited
11600045,MADHUCON,Madhucon Projects Limited
12310032,GEECEE,GeeCee Ventures Limited
13510004,ELECON,Elecon Engineering Company Limited
11040002,ASSAMCO,Assam Company India Limited
13560079,ALICON,Alicon Castalloy Limited
10610008,TALBROAUTO,Talbros Automotive Components Limited
11540019,ANANTRAJ,Anant Raj Limited
13240035,HOVS,HOV Services Limited
17020281,SELAN,Selan Exploration Technology Limited
15060017,PARACABLES,Paramount Communications Limited
13510065,ACE,Action Construction Equipment Limited
14090127,ATLANTA,Atlanta  Limited
16530071,RAMANEWS,Shree Rama Newsprint Limited
15150025,VOLTAMP,Voltamp Transformers Limited
13610004,DYNAMATECH,Dynamatic Technologies Limited
13510019,MANUGRAPH,Manugraph India Limited
10520003.01,TECHM,Tech Mahindra Limited
15210029,GMRINFRA,GMR Infrastructure Limited
13620015,WENDT,Wendt (India) Limited
12520109,EMAMILTD,Emami Limited
17110005,ALLCARGO,Allcargo Logistics Limited
12590002,MUNJALAU,Munjal Auto Industries Limited
17040159,PFOCUS,Prime Focus Limited
16530019,JKLAKSHMI,JK Lakshmi Cement Limited
16490215,GTNTEX,GTN Textiles Limited
16080010,PIONEEREMB,Pioneer Embroideries Limited
15630005,KAMDHENU,Kamdhenu Limited
13150051,SWELECTES,Swelect Energy Systems Limited
15580045,RATNAMANI,Ratnamani Metals & Tubes Limited
12540247,BALPHARMA,Bal Pharma Limited
14010522,EMKAY,Emkay Global Financial Services Limited
13620049,LOKESHMACH,Lokesh Machines Limited
14550003,GRINDWELL,Grindwell Norton Limited
13240021,RSYSTEMS,R Systems International Limited
,GPIL,Godawari Power And Ispat limited
13110043,ZICOM,Zicom Electronic Security Systems Limited
17040158,SUNTV,Sun TV Network Limited
16070083,KKCL,Kewal Kiran Clothing Limited
11320023,UTTAMSUGAR,Uttam Sugar Mills Limited
14520025,ROHITFERRO,Rohit Ferro-Tech Limited
16490213,SGL,STL Global Limited
15560017,GALLANTT,Gallantt Metal Limited
16670003,MALUPAPER,Malu Paper Mills Limited
15080013,SOLARINDS,Solar Industries India Limited
14090062,VAKRANGEE,Vakrangee Limited
11070095,SANWARIA,Sanwaria Consumer Limited
15050033,KEI,KEI Industries Limited
11570034,CENTURYPLY,Century Plyboards (India) Limited
15510023,VISASTEEL,Visa Steel Limited
11600114,BLKASHYAP,B. L. Kashyap and Sons Limited
10520003,M&MFIN,Mahindra & Mahindra Financial Services Limited
15150021,INDOTECH,Indo Tech Transformers Limited
11520077,JKCEMENT,JK Cement Limited
15150022,KEC,KEC International Limited
16610457,SAKUMA,Sakuma Exports Limited
15200050,RCOM,Reliance Communications Limited
15210023,SADBHAV,Sadbhav Engineering Limited
15130101,GVKPIL,GVK Power & Infrastructure Limited
17024141,INOXLEISUR,INOX Leisure Limited
17080029,JAGRAN,Jagran Prakashan Limited
12140048,GSPL,Gujarat State Petronet Limited
17040155,ENIL,Entertainment Network (India) Limited
16620051,ROHLTD,Royal Orchid Hotels Limited
14550018,STERTOOLS,Sterling Tools Limited
16490210,NITINSPIN,Nitin Spinners Limited
11610152,NITCO,Nitco Limited
16530003,BALKRISIND,Balkrishna Industries Limited
,TINPLATE,The Tinplate Company of India Limited
11610009,ANSALAPI,Ansal Properties & Infrastructure Limited
13190645,BARTRONICS,Bartronics India Limited
16070079,CELEBRITY,Celebrity Fashions Limited
17040122,PVR,PVR Limited
17020571,REPRO,Repro India Limited
13190814,KERNEX,Kernex Microsystems (India) Limited
13140004,EMCO,Emco Limited
17024786,EKC,Everest Kanto Cylinder Limited
11070010,NAHARINDUS,Nahar Industrial Enterprises Limited
14550005,ORIENTABRA,Orient Abrasives Limited
17020229,VIMTALABS,Vimta Labs Limited
13510066,AIAENG,AIA Engineering Limited
15120011,TRIVENI,Triveni Engineering & Industries Limited
16070080,SORILINFRA,SORIL Infra Resources Limited
16490208,BRFL,Bombay Rayon Fashions Limited
16490207,BASML,Bannari Amman Spinning Mills Limited
11320019,RENUKA,Shree Renuka Sugars Limited
13190809,AURIONPRO,Aurionpro Solutions Limited
15130070,SUZLON,Suzlon Energy Limited
16610009,IMPAL,India Motor Parts and Accessories Limited
13190146,FCSSOFT,FCS Software Solutions Limited
15520008,SUNFLAG,Sunflag Iron And Steel Company Limited
16490206,RAJVIR,Rajvir Industries Limited
16030008,ICIL,Indo Count Industries Limited
13190210,SASKEN,Sasken Technologies Limited
17080024,HTMEDIA,HT Media Limited
17020288,GOLDIAM,Goldiam International Limited
10580014,RML,Rane (Madras) Limited
12520142,VIVIMEDLAB,Vivimed Labs Limited
16030017,PRECOT,Precot Meridian Limited
13610011,REVATHI,Revathi Equipment Limited
14100051,IDFC,IDFC Limited
11040017,MCLEODRUSS,Mcleod Russel India Limited
12540563,NECLIFE,Nectar Lifesciences Limited
10630002,SUBROS,Subros Limited
14030144,YESBANK,Yes Bank Limited
13110038,GENUSPOWER,Genus Power Infrastructures Limited
12010002,INDIAGLYCO,India Glycols Limited
14090194,GEOJITFSL,Geojit Financial Services Limited
16040029,VHL,Vardhman Holdings Limited
10670051,CASTEXTECH,Castex Technologies Limited
14590139,SPLIL,SPL Industries Limited
15010008,MANINDS,Man Industries (India) Limited
17024746,JSWHL,JSW Holdings Limited
,63MOONS,63 moons technologies limited
16580012,MERCATOR,Mercator Limited
12540301,GRANULES,Granules India Limited
14090071,PRIMESECU,Prime Securities Limited
13560017,SHAHALLOYS,Shah Alloys Limited
16530044,JKPAPER,JK Paper Limited
16030022,SURYALAXMI,Suryalakshmi Cotton Mills Limited
17040135,CYBERMEDIA,Cyber Media (India) Limited
10590003,SSWL,Steel Strips Wheels Limited
15580090,WELCORP,Welspun Corp Limited
12540551,MANGALAM,Mangalam Drugs And Organics Limited
16610345,SHOPERSTOP,Shoppers Stop Limited
14010485,IIFL,IIFL Finance Limited
13190758,SAKSOFT,Saksoft Limited
13240027,ALLSEC,Allsec Technologies Limited
14530003,EVEREADY,Eveready Industries India Limited
16070075,GOKEX,Gokaldas Exports Limited
13190098,3IINFOTECH,3i Infotech Limited
10640001,GABRIEL,Gabriel India Limited
15130060,JPPOWER,Jaiprakash Power Ventures Limited
16570011,JINDALPHOT,Jindal Photo Limited
14060171,SHRIRAMCIT,Shriram City Union Finance Limited
16590031,GDL,Gateway Distriparks Limited
16570003,CONSOFINVT,Consolidated Finvest & Holdings Limited
15530059,JSWSTEEL,JSW Steel Limited
12130003,BEPL,Bhansali Engineering Polymers Limited
13190754,XCHANGING,Xchanging Solutions Limited
12580005,VIPIND,VIP Industries Limited
11600067,PATELENG,Patel Engineering Limited
11080042,RANASUG,Rana Sugars Limited
10630007,SUPRAJIT,Suprajit Engineering Limited
14520023,IMPEXFERRO,Impex Ferro Tech Limited
12540545,INDOCO,Indoco Remedies Limited
12130017,MRPL,Mangalore Refinery and Petrochemicals Limited
14070011,PRESSMN,Pressman Advertising Limited
11320004,DWARKESH,Dwarikesh Sugar Industries Limited
15510031,MSPL,MSP Steel & Power Limited
10670055,JBMA,JBM Auto Limited
11080007,KOTARISUG,Kothari Sugars And Chemicals Limited
,SALSTEEL,S.A.L. Steel Limited
15130025,NTPC,NTPC Limited
11600096,WELENT,Welspun Enterprises Limited
13110035,ASTRAMICRO,Astra Microwave Products Limited
12540186,INDSWFTLTD,Ind-Swift Limited
14090030,GUFICBIO,Gufic Biosciences Limited
14590014,PAPERPROD,Huhtamaki PPL Limited
12600001,TITAN,Titan Company Limited
13550028,GULFPETRO,GP Petroleums Limited
14080005,GRUH,Gruh Finance Limited
17010025,TEXINFRA,Texmaco Infrastructure & Holdings Limited
13540001,GREAVESCOT,Greaves Cotton Limited
10510004,EICHERMOT,Eicher Motors Limited
13190705,NIITTECH,NIIT Technologies Limited
13020033,TCS,Tata Consultancy Services Limited
15570003,MAHSEAMLES,Maharashtra Seamless Limited
11520068,ULTRACEMCO,UltraTech Cement Limited
13190705,NIITLTD,NIIT Limited
17010019,3MINDIA,3M India Limited
14610009,APARINDS,Apar Industries Limited
15010002,CENTEXT,Century Extrusions Limited
12520009,PGHH,Procter & Gamble Hygiene and Health Care Limited
16030019,SUPERSPIN,Super Spinning Mills Limited
17010013,LT,Larsen & Toubro Limited
12120004,EXCELINDUS,Excel Industries Limited
11520073,JPASSOCIAT,Jaiprakash Associates Limited
12520005,TRENT,Trent Limited
13020026,MPHASIS,MphasiS Limited
11040106,CCL,CCL Products (India) Limited
11540011,MURUDCERA,Murudeshwar Ceramics Limited
11540007,KAJARIACER,Kajaria Ceramics Limited
13090047,MIRCELECTR,MIRC Electronics Limited
17040124,NDTV,New Delhi Television Limited
16530001,IPAPPM,International Paper APPM Limited
13190069,DATAMATICS,Datamatics Global Services Limited
13570022,RKFORGE,Ramkrishna Forgings Limited
14560019,MAGMA,Magma Fincorp Limited
14590022,XPROINDIA,Xpro India Limited
14030012,MAHABANK,Bank of Maharashtra
15130047,PTC,PTC India Limited
11140013,BIOCON,Biocon Limited
14030067,DHANBANK,Dhanlaxmi Bank Limited
15070050,VAIBHAVGBL,Vaibhav Global Limited
12140039,PETRONET,Petronet LNG Limited
11600023,SIMPLEXINF,Simplex Infrastructures Limited
16020005,JBFIND,JBF Industries Limited
15520004,MUKANDLTD,Mukand Limited
17010016,SIL,Standard Industries Limited
12060021,UPL,UPL Limited
12120011,UNIENTER,Uniphos Enterprises Limited
17040119,TVTODAY,TV Today Network Limited
17020285,DREDGECORP,Dredging Corporation of India Limited
10560007,JTEKTINDIA,Jtekt India Limited
12300008,IGL,Indraprastha Gas Limited
15560011,JAIBALAJI,Jai Balaji Industries Limited
12150015,WELSPUNIND,Welspun India Limited
15540019,TATASTLBSL,Tata Steel Bsl Limited
15990019,JSL,Jindal Stainless Limited
13510039,BHEL,Bharat Heavy Electricals Limited
15540009,NSIL,Nalwa Sons Investments Limited
17010049,BEML,BEML Limited
12540250,SUVEN,Suven Life Sciences Limited
,BAGFILMS,B.A.G Films and Media Limited
11610008,NCC,NCC Limited
14030017,UCOBANK,UCO Bank
13120004,IGARASHI,Igarashi Motors India Limited
17020035,HINDOILEXP,Hindustan Oil Exploration Company Limited
12150036,VARDHACRLC,Vardhman Acrylics Limited
12540082,AARTIDRUGS,Aarti Drugs Limited
13010013,TATAELXSI,Tata Elxsi Limited
15140018,ITI,ITI Limited
11580005,KANSAINER,Kansai Nerolac Paints Limited
12630004,VSTIND,VST Industries Limited
16610403,TVSELECT,TVS Electronics Limited
13020096,SUBEX,Subex Limited
13150010,AMARAJABAT,Amara Raja Batteries Limited
10510007,SMLISUZU,SML Isuzu Limited
11510046,PRSMJOHNSN,Prism Johnson Limited
12090005,GHCL,GHCL Limited
12520003,GILLETTE,Gillette India Limited
,VENKEYS,Venky's (India) Limited
15140006,AGCNET,AGC Networks Limited
12670014,OPTOCIRCUI,Opto Circuits (India) Limited
13040004,HONAUT,Honeywell Automation India Limited
13010004,ZENSARTECH,Zensar Technologies Limited
10520005,MARUTI,Maruti Suzuki India Limited
12170004,SRF,SRF Limited
16040015,INDORAMA,Indo Rama Synthetics (India) Limited
17010003,CENTURYTEX,Century Textiles & Industries Limited
13560002,ELECTCAST,Electrosteel Castings Limited
16510001,BATAINDIA,Bata India Limited
10550001,EXIDEIND,Exide Industries Limited
11510024,RADICO,Radico Khaitan Limited
12070015,JUBILANT,Jubilant Life Sciences Limited
11120005.08,GSKCONS,GlaxoSmithKline Consumer Healthcare Limited
,DRREDDY,Dr. Reddy's Laboratories Limited
10580001,AUTOAXLES,Automotive Axles Limited
15580071,PSL,PSL Limited
11080003,BANARISUG,Bannari Amman Sugars Limited
15620008,TATAMETALI,Tata Metaliks Limited
13090032,NELCO,NELCO Limited
12540026,SANOFI,Sanofi India Limited
12030004,TIRUMALCHM,Thirumalai Chemicals Limited
10580007,RICOAUTO,Rico Auto Industries Limited
16030029,VARDMNPOLY,Vardhman Polytex Limited
10610013,BOSCHLTD,Bosch Limited
10640002,MUNJALSHOW,Munjal Showa Limited
12070037,FOSECOIND,Foseco India Limited
12540030,JBCHEPHARM,JB Chemicals & Pharmaceuticals Limited
15580014,JINDALSAW,Jindal Saw Limited
14590015,POLYPLEX,Polyplex Corporation Limited
10540005,HEROMOTOCO,Hero MotoCorp Limited
13570004,BHARATFORG,Bharat Forge Limited
,STCINDIA,The State Trading Corporation of India Limited
13120003,HONDAPOWER,Honda Siel Power Products Limited
14060023,BAJFINANCE,Bajaj Finance Limited
11600006,HCC,Hindustan Construction Company Limited
16040009,GARDENSILK,Garden Silk Mills Limited
,DIVISLAB,Divi's Laboratories Limited
,RADAAN,Radaan Mediaworks India Limited
12520018,GODREJIND,Godrej Industries Limited
15560006,TATASTLLP,Tata Steel Long Products Limited
10670006,OMAXAUTO,Omax Autos Limited
13580002,GRAPHITE,Graphite India Limited
17020471,GENESYS,Genesys International Corporation Limited
15140013,TNTELE,Tamilnadu Telecommunication Limited
,DEEPAKFERT,Deepak Fertilizers and Petrochemicals Corporation Limited
11070014,RUCHISOYA,Ruchi Soya Industries Limited
14030061,CANBK,Canara Bank
13020046,NUCLEUS,Nucleus Software Exports Limited
17020238,BLUEDART,Blue Dart Express Limited
15210002,NOIDATOLL,Noida Toll Bridge Company Limited
11070036,ATFL,Agro Tech Foods Limited
14030009,ALBK,Allahabad Bank
,SANDESH,The Sandesh Limited
12540226,TORNTPHARM,Torrent Pharmaceuticals Limited
14550014,VESUVIUS,Vesuvius India Limited
14080006,DHFL,Dewan Housing Finance Corporation Limited
13020130,APTECHT,Aptech Limited
15550002,NATNLSTEEL,National Steel And Agro Industries Limited
14030018,UNIONBANK,Union Bank of India
13190253,OFSS,Oracle Financial Services Software Limited
13020069,HEXAWARE,Hexaware Technologies Limited
15060012,SURANAT&P,Surana Telecom and Power Limited
14060160,TIMESGTY,Times Guaranty Limited
16030027,VTL,Vardhman Textiles Limited
14030016,PNB,Punjab National Bank
11320009,PONNIERODE,Ponni Sugars (Erode) Limited
15200013,OLECTRA,Olectra Greentech Limited
10670023,ASAL,Automotive Stampings and Assemblies Limited
15200022,BHARTIARTL,Bharti Airtel Limited
14590005,ESSELPACK,Essel Propack Limited
12540171,MARKSANS,Marksans Pharma Limited
12640009,KRBL,KRBL Limited
17020158,MPSLTD,MPS Limited
16590001,TCI,Transport Corporation of India Limited
10560005,HITECHGEAR,The Hi-Tech Gears Limited
16070001,FEL,Future Enterprises Limited
11100025,MCDOWELL-N,United Spirits Limited
17020012,JISLJALEQS,Jain Irrigation Systems Limited
12540136,LUPIN,Lupin Limited
12520118,GODREJCP,Godrej Consumer Products Limited
17010008,AKZOINDIA,Akzo Nobel India Limited
13190111,SMARTLINK,Smartlink Holdings Limited
12540005,ASTRAZEN,AstraZeneca Pharma India Limited
14030021,ANDHRABANK,Andhra Bank
15050037,GOLDTECH,Goldstone Technologies Limited
17040032,NEXTMEDIA,Next Mediaworks Limited
16590021,SHIRPUR-G,Shirpur Gold Refinery Limited
12150022,JINDALPOLY,Jindal Poly Films Limited
13020028,ONWARDTEC,Onward Technologies Limited
13150020,HAVELLS,Havells India Limited
16030094,TRIDENT,Trident Limited
12070070,HIKAL,Hikal Limited
14010171,KHANDSE,Khandwala Securities Limited
12540050,UNICHEMLAB,Unichem Laboratories Limited
16610093,BSELINFRA,BSEL Infrastructure Realty Limited
16530021,WSTCSTPAPR,West Coast Paper Mills Limited
13190107,AXISCADES,AXISCADES Engineering Technologies Limited
17040016,CREATIVEYE,Creative Eye Limited
13020094,QUINTEGRA,Quintegra Solutions Limited
15150006,KALPATPOWR,Kalpataru Power Transmission Limited
16620007,TAJGVK,Taj GVK Hotels & Resorts Limited
12540022,GLAXO,GlaxoSmithKline Pharmaceuticals Limited
17040019,PNC,Pritish Nandy Communications Limited
14030015,IOB,Indian Overseas Bank
15140056,STRTECH,Sterlite Technologies Limited
14510005,SCHAEFFLER,Schaeffler India Limited
17040024,BALAJITELE,Balaji Telefilms Limited
17040012,TIPSINDLTD,TIPS Industries Limited
13010044,MRO-TEK,MRO-TEK Realty Limited
15060006,USHAMART,Usha Martin Limited
14090376,PNBGILTS,PNB Gilts Limited
11070045,GAEL,Gujarat Ambuja Exports Limited
17040020,MUKTAARTS,Mukta Arts Limited
15110006,NLCINDIA,NLC India Limited
15050048,AKSHOPTFBR,Aksh Optifibre Limited
10540010,TVSMOTOR,TVS Motor Company Limited
15200002.01,TTML,Tata Teleservices (Maharashtra) Limited
14030037,KARURVYSYA,Karur Vysya Bank Limited
14010009,TFCILTD,Tourism Finance Corporation of India Limited
13110034,BEL,Bharat Electronics Limited
12540244,AUROPHARMA,Aurobindo Pharma Limited
11600021,MUKANDENGG,Mukand Engineers Limited
13020059,CALSOFT,California Software Company Limited
17010002,BLUESTARCO,Blue Star Limited
14030039,LAKSHVILAS,Lakshmi Vilas Bank Limited
14540005,SUNDRMFAST,Sundram Fasteners Limited
16610005,THOMASCOOK,Thomas Cook  (India)  Limited
,INDIACEM,The India Cements Limited
12140021,CHENNPETRO,Chennai Petroleum Corporation Limited
14090365,BLBLIMITED,BLB Limited
11540005,HSIL,HSIL Limited
13190017,CURATECH,Cura Technologies Limited
12540406,AJANTPHARM,Ajanta Pharma Limited
12540033,MFSL,Max Financial Services Limited
,KTKBANK,The Karnataka Bank Limited
11600074,MAHLIFE,Mahindra Lifespace Developers Limited
17040007,CINEVISTA,Cinevista Limited
15150010,GEPIL,GE Power India Limited
12540403,CADILAHC,Cadila Healthcare Limited
13190066,RAMCOSYS,Ramco Systems Limited
16520037,BIL,Bhartiya International Limited
10590002,WHEELS,Wheels India Limited
14620003,SHREERAMA,Shree Rama Multi-Tech Limited
11600087,IVRCLINFRA,IVRCL Limited
14510021,NRBBEARING,NRB Bearing Limited
,MELSTAR,Melstar Information Technologies Limited
12540382,JAGSNPHARM,Jagsonpal Pharmaceuticals Limited
12540405,WOCKPHARMA,Wockhardt Limited
17010052,HAVISHA,Sri Havisha Hospitality and Infrastructure Limited
12540145.01,BLUECOAST,Blue Coast Hotels Limited
11040006,TATACOFFEE,Tata Coffee Limited
15070038,RAJESHEXPO,Rajesh Exports Limited
12540399,GLENMARK,Glenmark Pharmaceuticals Limited
17020557,STAR,Strides Pharma Science Limited
13020100,VISESHINFO,Visesh Infotecnics Limited
13180004,JCHAC,Johnson Controls - Hitachi Air Conditioning India Limited
13020101,HCLTECH,HCL Technologies Limited
12570004,TTKPRESTIG,TTK Prestige Limited
15540044,JINDALSTEL,Jindal Steel & Power Limited
14030048,SYNDIBANK,Syndicate Bank
13020092,ACCELYA,Accelya Solutions India Limited
,BSOFT,BIRLASOFT LIMITED
11580002,BERGEPAINT,Berger Paints (I) Limited
12540145,MOREPENLAB,Morepen Laboratories Limited
12130012,TNPETRO,Tamilnadu PetroProducts Limited
11050050,KOHINOOR,Kohinoor Foods Limited
12130031,SUPPETRO,Supreme Petrochem Limited
14530001,NIPPOBATRY,Indo-National Limited
12540995,ALEMBICLTD,Alembic Limited
14090013,IVC,IL&FS Investment Managers Limited
11610003,UNITECH,Unitech Limited
13020071,SONATSOFTW,Sonata Software Limited
14560004,LINDEINDIA,Linde India Limited
13020019,RSSOFTWARE,R. S. Software (India) Limited
12540078,KOPRAN,Kopran Limited
16520034,MIRZAINT,Mirza International Limited
12540038,PFIZER,Pfizer Limited
16610013,SICAL,Sical Logistics Limited
12540103,DABUR,Dabur India Limited
15040013,NATIONALUM,National Aluminium Company Limited
13610008,INGERRAND,Ingersoll Rand (India) Limited
17010015,RALLIS,Rallis India Limited
12090010,TATACHEM,Tata Chemicals Limited
11600002,ITDCEM,ITD Cementation India Limited
15140011,MTNL,Mahanagar Telephone Nigam Limited
13020065,CYBERTECH,Cybertech Systems And Software Limited
14510006,SKFINDIA,SKF India Limited
,SOUTHBANK,The South Indian Bank Limited
15510001,TATASTEEL,Tata Steel Limited
14030047,AXISBANK,Axis Bank Limited
12660006,TATAGLOBAL,Tata Global Beverages Limited
17010001,SINTEX,Sintex Industries Limited
11120001,BRITANNIA,Britannia Industries Limited
13190003,CYIENT,Cyient Limited
17020092,ZEEL,Zee Entertainment Enterprises Limited
16560008,ORIENTHOT,Oriental Hotels Limited
14030077,CUB,City Union Bank Limited
14080009,LICHSGFIN,LIC Housing Finance Limited
10510008,TATAMOTORS,Tata Motors Limited
,J&KBANK,The Jammu & Kashmir Bank Limited
12140018,HINDPETRO,Hindustan Petroleum Corporation Limited
14090012,TATAINVEST,Tata Investment Corporation Limited
17020022,VEDL,Vedanta Limited
12640003,KOTHARIPRO,Kothari Products Limited
13020032,TRIGYN,Trigyn Technologies Limited
16090004,ATUL,Atul Limited
14580002,ASAHIINDIA,Asahi India Glass Limited
11510005,AMBUJACEM,Ambuja Cements Limited
14060048,MAHAPEXLTD,Maha Rashtra Apex Corporation Limited
14030054,INDUSINDBK,IndusInd Bank Limited
14060001,SUNDARMFIN,Sundaram Finance Limited
17020400,ARCHIES,Archies Limited
12100018,RCF,Rashtriya Chemicals and Fertilizers Limited
17020263,ANTGRAPHIC,Antarctica Limited
15110037,GMDCLTD,Gujarat Mineral Development Corporation Limited
14030022,CORPBANK,Corporation Bank
14590090,JAICORPLTD,Jai Corp Limited
10580006,RANEHOLDIN,Rane Holdings Limited
14030056,ICICIBANK,ICICI Bank Limited
16690002,ENGINERSIN,Engineers India Limited
15070005.01,ADROITINFO,Adroit Infotech Limited
16580017,SCI,Shipping Corporation Of India Limited
12540116,FDC,FDC Limited
12090004,GUJALKALI,Gujarat Alkalies and Chemicals Limited
17020029,DENORA,De Nora India Limited
13090029,SAREGAMA,Saregama India Limited
12100021,MADRASFERT,Madras Fertilizers Limited
14030066,ORIENTBANK,Oriental Bank of Commerce
12540377,INDSWFTLAB,Ind-Swift Laboratories Limited
11320001,KCPSUGIND,KCP Sugar and Industries Corporation Limited
16610041,ADANIENT,Adani Enterprises Limited
14060034,TCIFINANCE,TCI Finance Limited
14060168,DCMFINSERV,DCM Financial Services Limited
17010061,CONCOR,Container Corporation of India Limited
10600004,INDNIPPON,India Nippon Electricals Limited
14030011,BANKINDIA,Bank of India
16550035,INDRAMEDCO,Indraprastha Medical Corporation Limited
11510023,RAMCOCEM,The Ramco Cements Limited
11080005,KCP,KCP Limited
15120010,GAIL,GAIL (India) Limited
14030010,BANKBARODA,Bank of Baroda
15040001,HINDALCO,Hindalco Industries Limited
13010003,HCL-INSYS,HCL Infosystems Limited
13640001,INDIANCARD,Indian Card Clothing Company Limited
11050089,HERITGFOOD,Heritage Foods Limited
14060030,SRTRANSFIN,Shriram Transport Finance Company Limited
11510001,ACC,ACC Limited
11530006,RAMCOIND,Ramco Industries Limited
16530026,SHREYANIND,Shreyans Industries Limited
12090015,KOTHARIPET,Kothari Petrochemicals Limited
14080001,HDFC,Housing Development Finance Corporation Limited
17020321,RUCHINFRA,Ruchi Infrastructure Limited
14590039,GUJRAFFIA,Gujarat Raffia Industries Limited
17024183,SKIL,SKIL Infrastructure Limited
10680013,MRF,MRF Limited
13510017,WALCHANNAG,Walchandnagar Industries Limited
11270001,SKMEGGPROD,SKM Egg Products Export (India) Limited
11140152,BINDALAGRO,Oswal Chemicals & Fertilizers Limited
11530004,VISAKAIND,Visaka Industries Limited
10670029,MOTHERSUMI,Motherson Sumi Systems Limited
16010039,SOMATEX,Soma Textiles & Industries Limited
12140022,IOC,Indian Oil Corporation Limited
12630002,GODFRYPHLP,Godfrey Phillips India Limited
,SUNDRMBRAK,Sundaram Brake Linings Limited
16050030,SANGAMIND,Sangam (India) Limited
16010032,ZENITHEXPO,Zenith Exports Limited
17023567,SUBCAPCITY,International Constructions Limited
16050009,EASTSILK,Eastern Silk Industries Limited
,INDHOTEL,The Indian Hotels Company Limited
14010010,KEYFINSERV,Keynote Financial Services Limited
11040091,NORBTEAEXP,Norben Tea & Exports Limited
12540094,BIOFILCHEM,Biofil Chemicals & Pharmaceuticals Limited
11540012,REGENCERAM,Regency Ceramics Limited
16560052,KAMATHOTEL,Kamat Hotels (I) Limited
11080004,DHARSUGAR,Dharani Sugars & Chemicals Limited
16050002,SILINV,SIL Investments Limited
14080020,GICHSGFIN,GIC Housing Finance Limited
14060011,CHOLAFIN,Cholamandalam Investment and Finance Company Limited
11120039,MARICO,Marico Limited
10580003,HINDCOMPOS,Hindustan Composites Limited
15100015,CUBEXTUB,Cubex Tubings Limited
12520009,PGHL,Procter & Gamble Health Limited
17020322,ALPSINDUS,Alps Industries Limited
13510024,EIMCOELECO,Eimco Elecon (India) Limited
12540303,PANACEABIO,Panacea Biotec Limited
14070018,AUSOMENT,Ausom Enterprise Limited
11070071,JAYAGROGN,Jayant Agro Organics Limited
16010040,ALOKTEXT,Alok Industries Limited
16020108,MOHOTAIND,Mohota Industries Limited
17020346,SAMBHAAV,Sambhaav Media Limited
14550001,CARBORUNIV,Carborundum Universal Limited
10560001,BHARATGEAR,Bharat Gears Limited
12010001,IFBAGRO,IFB Agro Industries Limited
11040005,BBTC,Bombay Burmah Trading Corporation Limited
12040001,AEGISCHEM,Aegis Logistics Limited
15130008,TATAPOWER,Tata Power Company Limited
14010267,PREMIER,Premier Limited
16560053,HOTELRUGBY,Hotel Rugby Limited
14010112,CORALFINAC,Coral India Finance & Housing Limited
11570030,GREENPLY,Greenply Industries Limited
16530078,TNPL,Tamil Nadu Newsprint & Papers Limited
14520017,NBVENTURES,Nava Bharat Ventures Limited
13510038,SPMLINFRA,SPML Infra Limited
10650011,REMSONSIND,Remsons Industries Limited
16030004,EUROTEXIND,Eurotex Industries and Exports Limited
11510004,DALMIASUG,Dalmia Bharat Sugar and Industries Limited
13520017,SHANTIGEAR,Shanthi Gears Limited
12130008,NOCIL,NOCIL Limited
13140010,INDLMETER,IMP Powers Limited
16550001,APOLLOHOSP,Apollo Hospitals Enterprise Limited
10670004,JAYBARMARU,Jay Bharat Maruti Limited
11510022,MANGLMCEM,Mangalam Cement Limited
10520003,M&M,Mahindra & Mahindra Limited
12540133,KREBSBIO,Krebs Biochemicals and Industries Limited
12540243,NATCOPHARM,Natco Pharma Limited
13520112,PETRONENGG,Petron Engineering Construction Limited
14070015,SREINFRA,SREI Infrastructure Finance Limited
14060005,KOTAKBANK,Kotak Mahindra Bank Limited
16610027,KHAITANLTD,Khaitan (India) Limited
11520014,KAKATCEM,Kakatiya Cement Sugar & Industries Limited
14590053,PREMIERPOL,Premier Polyfilm Limited
15580013,STINDIA,STI India Limited
13540006,SWARAJENG,Swaraj Engines Limited
15060011,BIRLACABLE,Birla Cable Limited
14060009,RELCAPITAL,Reliance Capital Limited
17020045,RIIL,Reliance Industrial Infrastructure Limited
12150008,RELIANCE,Reliance Industries Limited
11540013,SOMANYCERA,Somany Ceramics Limited
13610005,ELGIEQUIP,Elgi Equipments Limited
14030055,HDFCBANK,HDFC Bank Limited
11060011,WIPRO,Wipro Limited
12200013,NILKAMAL,Nilkamal Limited
13580003,ESABINDIA,Esab India Limited
17010021,ANDHRSUGAR,The Andhra Sugars Limited
13110003,DELTAMAGNT,Delta Magnets Limited
11550051,ARENTERP,Rajdarshan Industries Limited
16060004,RAYMOND,Raymond Limited
14590072,PEARLPOLY,Pearl Polymers Limited
12120016,BHARATRAS,Bharat Rasayan Limited
12560001,TOKYOPLAST,Tokyo Plast International Limited
13520092,PRAJIND,Praj Industries Limited
13510012,TIL,TIL Limited
16510008,LIBERTSHOE,Liberty Shoes Limited
16070026,ZODIACLOTH,Zodiac Clothing Company Limited
14040004,IDBI,IDBI Bank Limited
16530018,STARPAPER,Star Paper Mills Limited
17020078,ASHAPURMIN,Ashapura Minechem Limited
10610009,UCALFUEL,Ucal Fuel Systems Limited
12140020,BPCL,Bharat Petroleum Corporation Limited
17010011,KESORAMIND,Kesoram Industries Limited
13510008,KABRAEXTRU,Kabra Extrusion Technik Limited
11080012,SAKHTISUG,Sakthi Sugars Limited
13040003,SIEMENS,Siemens Limited
10620002,LUMAXIND,Lumax Industries Limited
14610013,APCOTEXIND,Apcotex Industries Limited
,GSFC,Gujarat State Fertilizers & Chemicals Limited
12100010,SPIC,Southern Petrochemicals Industries Corporation  Limited
11060005,IVP,IVP Limited
17020005,DICIND,DIC India Limited
13630006,THERMAX,Thermax Limited
11530003,INDIANHUME,Indian Hume Pipe Company Limited
14590006,UFLEX,UFLEX Limited
17020016,OILCOUNTUB,Oil Country Tubular Limited
12630003,ITC,ITC Limited
11090030,GMBREW,GM Breweries Limited
13570009,METALFORGE,Metalyst Forgings Limited
16030028,GTNIND,GTN Industries Limited
16040006,BSL,BSL Limited
11570002,MANGTIMBER,Mangalam Timber Products Limited
12520012,TAINWALCHM,Tainwala Chemical and Plastic (I) Limited
16020087,ASHIMASYN,Ashima Limited
12200009,SUPREMEIND,Supreme Industries Limited
Crude Oil,ONGC,Oil & Natural Gas Corporation Limited
15100010,PRECWIRE,Precision Wires India Limited
15070023,ZODJRDMKJ,Zodiac JRD- MKJ Limited
16560006,HOTELEELA,Hotel Leela Venture Limited
17020306,BANARBEADS,Banaras Beads Limited
16610040,NKIND,NK Industries Limited
12520002,HINDUNILVR,Hindustan Unilever Limited
14600021,BALMLAWRIE,Balmer Lawrie & Company Limited
15510002,SAIL,Steel Authority of India Limited
14010005,CRISIL,CRISIL Limited
16580018,SEAMECLTD,Seamec Limited
12130022,SOTL,Savita Oil Technologies Limited
13090024,BPL,BPL Limited
16090007,CLNINDIA,Clariant Chemicals (India) Limited
,CHAMBLFERT,Chambal Fertilizers & Chemicals Limited
10680001,APOLLOTYRE,Apollo Tyres Limited
12100001,COROMANDEL,Coromandel International Limited
10620001,AUTOLITIND,Autolite (India) Limited
12090003,DCW,DCW Limited
11580001,ASIANPAINT,Asian Paints Limited
11070110,3PLAND,3P Land Holdings Limited
14590004,COSMOFILMS,Cosmo Films Limited
14060081,VLSFINANCE,VLS Finance Limited
16090011,SUDARSCHEM,Sudarshan Chemical Industries Limited
15550006,UTTAMSTL,Uttam Galva Steels Limited
14560002,GFLLIMITED,GFL Limited
10510001,ASHOKLEY,Ashok Leyland Limited
12100005,GNFC,Gujarat Narmada Valley Fertilizers and Chemicals Limited
15050009,UNIVCABLES,Universal Cables Limited
12070002,BASF,BASF India Limited
16030103,PATSPINLTD,Patspin India Limited
11080002,BAJAJHIND,Bajaj Hindusthan Sugar Limited
14080002,CANFINHOME,Can Fin Homes Limited
12160002,CENTENKA,Century Enka Limited
13580005,HEG,HEG Limited
15580010,SURYAROSNI,Surya Roshni Limited
16030005,GINNIFILA,Ginni Filaments Limited
17010047,JAYNECOIND,Jayaswal Neco Industries Limited
12200050,VIKASWSP,Vikas WSP Limited
16600005,SPICEJET,SPICEJET LTD
13110027,PRAKASH,Prakash Industries Limited
12100003,EIDPARRY,EID Parry India Limited
14011160,WEIZMANIND,Weizmann Limited
13020010,MASTEK,Mastek Limited
13580001,ADORWELD,Ador Welding Limited
14010024,21STCENMGM,21st Century Management Services Limited
16010003,BOMDYEING,Bombay Dyeing & Mfg Company Limited
,SHREECEM,SHREE CEMENT LIMITED
14040003,IFCI,IFCI Limited
17010006,GRASIM,Grasim Industries Limited
11530002,HIL,HIL Limited
11510003,BIRLACORPN,Birla Corporation Limited
14590124,SANGHIIND,Sanghi Industries Limited
10600002,PAEL,PAE Limited
12100011,ZUARIGLOB,Zuari Global Limited
17010017,VOLTAS,Voltas Limited
15140032,TATACOMM,Tata Communications Limited
17010024,DCMSHRIRAM,DCM Shriram Limited
13540003,CUMMINSIND,Cummins India Limited
,FACT,Fertilizers and Chemicals Travancore Limited
11070009,OSWALAGRO,Oswal Agro Mills Limited
11080016,DHAMPURSUG,Dhampur Sugar Mills Limited
13640004,LAXMIMACH,Lakshmi Machine Works Limited
15120001,ABAN,Aban Offshore Limited
10700005,PHILIPCARB,Phillips Carbon Black Limited
17020184,PIDILITIND,Pidilite Industries Limited
11080010,RAJSREESUG,Rajshree Sugars & Chemicals Limited
11530001,EVERESTIND,Everest Industries Limited
13190872,GTL,GTL Limited
17010024,DCM,DCM  Limited
16530009,ORIENTPPR,Orient Paper & Industries Limited
13520011,IFBIND,IFB Industries Limited
12130001,INEOSSTYRO,INEOS Styrolution India Limited
,RUBYMILLS,The Ruby Mills Limited
16530014,SESHAPAPER,Seshasayee Paper and Boards Limited
10540002,BAJAJHLDNG,Bajaj Holdings & Investment Limited
11510009,HEIDELBERG,HeidelbergCement India Limited
13150001,CGPOWER,CG Power and Industrial Solutions Limited
10540004,ESCORTS,Escorts Limited
13010011,ROLTA,Rolta India Limited
14030001,SBIN,State Bank of India
16580016,SHREYAS,Shreyas Shipping & Logistics Limited
11040012,JAYSREETEA,Jayshree Tea & Industries Limited
15060001,FINCABLES,Finolex Cables Limited
16040021,RSWM,RSWM Limited
13600002,KSB,Ksb Limited
12540068,LYKALABS,Lyka Labs Limited
10540012,MAHSCOOTER,Maharashtra Scooters Limited
,SHREDIGCEM,Shree Digvijay Cement Co.Ltd
,MOTOGENFIN,The Motor & General Finance Limited
16030023,MARALOVER,Maral Overseas Limited
13130003,ABB,ABB India Limited
12070021,AARTIIND,Aarti Industries Limited
16530010,AMJLAND,Amj Land Holdings Limited
16070063,ARVIND,Arvind Limited
12540035,PEL,Piramal Enterprises Limited
16010007,PENINLAND,Peninsula Land Limited
12190003,FINPIPE,Finolex Industries Limited
,FEDERALBNK,The Federal Bank  Limited
15130009,GIPCL,Gujarat Industries Power Company Limited
10610003,FMGOETZE,Federal-Mogul Goetze (India) Limited.
14060007,GLFL,Gujarat Lease Financing Limited
12630001,GOLDENTOBC,Golden Tobacco Limited
11040011,HARRMALAYA,Harrisons  Malayalam Limited
13020007,INFY,Infosys Limited
16040013,HINDSYNTEX,Hind Syntex Limited
11080026,BALRAMCHIN,Balrampur Chini Mills Limited
12540124,IPCALAB,IPCA Laboratories Limited
16020002,BLUEBLENDS,Blue Blends (I) Limited
15060007,VINDHYATEL,Vindhya Telelinks Limited
12540191,SUNPHARMA,Sun Pharmaceutical Industries Limited
15130003,RELINFRA,Reliance Infrastructure Limited
12090006,KANORICHEM,Kanoria Chemicals & Industries Limited
11110004,WATERBASE,Waterbase Limited
16560002,EIHOTEL,EIH Limited
13520026,WILLAMAGOR,Williamson Magor & Company Limited
15130004,CESC,CESC Limited
17020037,NAVNETEDUL,Navneet Education Limited
10510002,FORCEMOT,FORCE MOTORS LTD
12540010,CIPLA,Cipla Limited
13620012,KENNAMET,Kennametal India Limited
16050003,HIMATSEIDE,Himatsingka Seide Limited
